{
    "x": -21.15422821044922,
    "y": 1.0799999237060547,
    "z": -4.552090167999268,
    "playTimer": 39.40568542480469,
    "CurrentHealth": 0.0
}