{
    "x": -13.925653457641602,
    "y": 1.0800000429153443,
    "z": -0.8831449747085571,
    "playTimer": 12.21402645111084,
    "CurrentHealth": 0.0
}