{
    "x": -22.254444122314454,
    "y": 1.0799999237060547,
    "z": -1.4191734790802003,
    "playTimer": 4.310094833374023,
    "CurrentHealth": 0.0
}