{
    "x": -3.897684097290039,
    "y": 1.0799998044967652,
    "z": 0.2738361060619354,
    "playTimer": 14.756795883178711,
    "CurrentHealth": 0.0
}