{
    "x": -0.9305068850517273,
    "y": 1.0799998044967652,
    "z": 4.194729804992676,
    "playTimer": 33.88349151611328,
    "CurrentHealth": 0.0
}