{
    "x": -3.8158669471740724,
    "y": 1.0800000429153443,
    "z": -11.642627716064454,
    "playTimer": 68.97130584716797,
    "CurrentHealth": 0.0
}