{
    "x": 22.20640754699707,
    "y": -0.010000228881835938,
    "z": -21.462459564208986,
    "playTimer": 0.0,
    "CurrentHealth": 0.0
}